video_path,class,video_name,caption,timestamp
/content/drive/MyDrive/Matreskas/Videos/Artistic/IMG_4783.MOV,Artistic,IMG_4783.MOV,"This is the outer shell of a traditional Russian Matryoshka doll, featuring rich burgundy enamel with hand-painted red roses, green leaves, and gold scrollwork against a dark blue lower band. Its ornate floral design and glossy finish reflect classic Russian folk art, though the base’s modern white plastic suggests a contemporary or mass-produced version rather than an authentic antique.",2025-11-30 02:43
/content/drive/MyDrive/Matreskas/Videos/Artistic/IMG_5235.MOV,Artistic,IMG_5235.MOV,"This is the outer shell of a traditional Russian Matryoshka doll, featuring vibrant floral motifs—red-orange blossoms and green leaves—on a mint-green background with delicate gold swirls and dots. The lower half transitions to a coral-pink band with ornate scalloped detailing, resting on a white pedestal. Its hand-painted style and classic form suggest authentic Russian craftsmanship, likely from the Volga region or a similar school known for bold, naturalistic floral designs.",2025-11-30 02:43
/content/drive/MyDrive/Matreskas/Videos/Artistic/IMG_5237.MOV,Artistic,IMG_5237.MOV,"This is the outer shell of a Matryoshka doll, featuring a stylized, cartoonish female face with rosy cheeks and a red headscarf, holding a smaller doll and a goose. The artwork employs bold outlines and saturated colors, typical of modern or souvenir-style Russian nesting dolls, though the exaggerated features and simplified forms suggest a contemporary, possibly mass-produced interpretation rather than traditional folk craftsmanship. It appears authentic in theme and materials but leans toward commercial design rather than classical Russian folk art.",2025-11-30 02:43
/content/drive/MyDrive/Matreskas/Videos/Artistic/IMG_5246.MOV,Artistic,IMG_5246.MOV,"This is a single, hand-painted Matryoshka doll, likely the outer shell of a set, featuring vibrant floral motifs in red, green, and ochre against a pale green background. The glossy finish and stylized, folk-art brushwork suggest traditional Russian craftsmanship, though the modern white pedestal and studio lighting hint at contemporary presentation. It appears authentic Russian in style and execution.",2025-11-30 02:43
/content/drive/MyDrive/Matreskas/Videos/Artistic/IMG_5247.MOV,Artistic,IMG_5247.MOV,"This is a single, hand-painted Matryoshka doll, likely the outer shell of a set, featuring a stylized woman in a red headscarf and floral dress against a green background. Its bold, folk-art style with exaggerated features and bright colors suggests a modern or souvenir interpretation rather than traditional Russian craftsmanship, lacking the refined, regional detailing typical of authentic Russian nesting dolls.",2025-11-30 02:43
/content/drive/MyDrive/Matreskas/Videos/Artistic/IMG_5248.MOV,Artistic,IMG_5248.MOV,"This is a single, ornately painted Matryoshka doll, likely the outer shell of a set, featuring bold floral motifs in red, green, and yellow against a muted teal background. Its glossy finish and stylized, somewhat abstract floral design suggest a modern or folk-art interpretation rather than traditional Russian craftsmanship, possibly from a contemporary artisan or non-Russian producer. Not authentically Russian in style.",2025-11-30 02:43
/content/drive/MyDrive/Matreskas/Videos/Artistic/IMG_5254.MOV,Artistic,IMG_5254.MOV,"This is a single, stylized Matryoshka doll, likely the outer shell of a set, featuring bold, cartoonish brushwork with pink, teal, and ochre hues. Its whimsical, non-traditional design—with exaggerated facial features and abstract patterns—suggests a modern, possibly non-Russian (e.g., Ukrainian or contemporary artisan) interpretation, deviating from classic Russian folk aesthetics.",2025-11-30 02:43
/content/drive/MyDrive/Matreskas/Videos/Artistic/IMG_5255.MOV,Artistic,IMG_5255.MOV,"This is a single, hand-painted Matryoshka doll, likely the outermost shell of a set, featuring a vibrant, abstract floral motif in red, green, and ochre on a glossy teal base. Its stylized, non-traditional design—with bold, modern brushwork and lack of classic Russian folk patterns—suggests it’s a contemporary or artisanal interpretation, not an authentic Russian folk piece.",2025-11-30 02:43
/content/drive/MyDrive/Matreskas/Videos/Artistic/IMG_5256.MOV,Artistic,IMG_5256.MOV,"This is the smallest doll in a set, featuring traditional Russian Matryoshka style with hand-painted floral motifs and a stylized face under a teal headscarf. Its glossy finish and classic proportions suggest authentic Russian craftsmanship, likely from a regional school like the Volga or Ural, though no maker’s mark is visible.",2025-11-30 02:43
/content/drive/MyDrive/Matreskas/Videos/Artistic/IMG_5258.MOV,Artistic,IMG_5258.MOV,"This is the smallest doll in a Matryoshka set, featuring vibrant floral patterns in red, green, and orange on a glossy finish, typical of Russian folk art. Its rounded, stylized form and hand-painted details suggest authentic Russian craftsmanship, likely from the traditional wooden nesting dolls of the Volga region. The doll sits atop a minimalist white box, emphasizing its colorful, artisanal charm.",2025-11-30 02:43
/content/drive/MyDrive/Matreskas/Videos/Artistic/IMG_5260.MOV,Artistic,IMG_5260.MOV,"This is the smallest doll in a Matryoshka set, featuring a glossy, hand-painted finish with earthy orange and green patterns, typical of traditional Russian folk art. Its compact, rounded form and stylized facial features suggest authentic Russian craftsmanship, likely from a regional school known for vibrant, nature-inspired motifs. The doll’s simple yet expressive design and smooth wooden texture reinforce its genuine origin, not a modern imitation.",2025-11-30 02:43
/content/drive/MyDrive/Matreskas/Videos/Artistic/IMG_5266.MOV,Artistic,IMG_5266.MOV,"This is the outer shell of a traditional Russian Matryoshka doll, featuring rich crimson lacquer, ornate gold filigree, and a painted female face with a pink headscarf. Floral motifs and a pastoral scene adorn its sides, showcasing classic folk-art style. The craftsmanship appears authentic Russian, with meticulous hand-painting and glossy finish typical of genuine Matryoshka dolls from regions like Vologda or Nizhny Novgorod.",2025-11-30 02:43
/content/drive/MyDrive/Matreskas/Videos/Artistic/IMG_5267.MOV,Artistic,IMG_5267.MOV,"This is the outer shell of a traditional Russian Matryoshka doll, featuring a glossy deep red upper half adorned with hand-painted roses, green leaves, and gold filigree. The lower half transitions to a dark blue with delicate floral motifs, all rendered in classic folk-art style—authentic Russian craftsmanship with bold colors and ornate detailing.",2025-11-30 02:43
/content/drive/MyDrive/Matreskas/Videos/Artistic/IMG_5268.MOV,Artistic,IMG_5268.MOV,"This is the outer shell of a traditional Russian Matryoshka doll, painted in rich burgundy with hand-painted pink roses, green leaves, and gold filigree. Its glossy finish and ornate floral patterns reflect classic Russian folk art, suggesting authentic craftsmanship rather than mass-produced imitation. The base hints at a functional modern adaptation, perhaps a lamp or decorative stand.",2025-11-30 02:43
/content/drive/MyDrive/Matreskas/Videos/Artistic/IMG_5269.MOV,Artistic,IMG_5269.MOV,"This is the outer shell of a traditional Russian Matryoshka doll, featuring rich crimson lacquer adorned with hand-painted red roses, green leaves, and gold filigree. Its classic folk-art style, with bold floral motifs and glossy finish, reflects authentic Russian craftsmanship, likely from the Volga region. The doll rests on a modern white base, suggesting it’s a decorative piece rather than a functional nesting set.",2025-11-30 02:43
/content/drive/MyDrive/Matreskas/Videos/Artistic/IMG_5270.MOV,Artistic,IMG_5270.MOV,"This is the outer shell of a vibrant, hand-painted Matryoshka doll, likely from a modern Russian artisanal school. It features a smiling face with blue eyes, ornate gold and red patterns, and a yellow panel depicting a rider on horseback—classic folk motifs. The glossy finish and detailed brushwork suggest authentic Russian craftsmanship, though the stylized, slightly cartoonish face hints at contemporary interpretation rather than traditional peasant art.",2025-11-30 02:43
/content/drive/MyDrive/Matreskas/Videos/Artistic/IMG_5271.MOV,Artistic,IMG_5271.MOV,"This is the outer shell of a traditional Russian Matryoshka doll, featuring a glossy deep red base adorned with intricate gold swirls, floral motifs in green and orange, and delicate white dots. Its classic folk-art style, hand-painted details, and smooth wooden finish suggest authentic Russian craftsmanship, likely from the Volga region. The doll’s elegant design and rich color palette reflect the enduring tradition of Russian nesting dolls.",2025-11-30 02:43
/content/drive/MyDrive/Matreskas/Videos/Artistic/IMG_5272.MOV,Artistic,IMG_5272.MOV,"This is a single, ornate Matryoshka doll, likely the outer shell of a set, featuring rich burgundy lacquer with intricate gold and white floral motifs, accented by green and red details. Its traditional Russian folk style—with swirling patterns and expressive face—suggests authentic craftsmanship, though the glossy finish and modern color palette hint at contemporary production rather than vintage authenticity.",2025-11-30 02:43
/content/drive/MyDrive/Matreskas/Videos/Artistic/IMG_5273.MOV,Artistic,IMG_5273.MOV,"This is a single, small Matryoshka doll, likely the outer shell of a set, featuring a glossy deep red lacquer base adorned with hand-painted green foliage and gold leaf accents. Its traditional Russian folk-art style—with bold colors, floral motifs, and metallic highlights—suggests authentic craftsmanship, though the finish appears modern and possibly mass-produced. The doll’s vibrant, stylized design and glossy surface hint at contemporary interpretations rather than rustic, artisanal origins.",2025-11-30 02:43
/content/drive/MyDrive/Matreskas/Videos/Artistic/IMG_5274.MOV,Artistic,IMG_5274.MOV,"This is a single, small Matryoshka doll, likely the outermost piece of a set, featuring a glossy red lacquer finish with scattered gold and green accents. Its stylized, rounded form and bold, non-traditional color palette suggest a modern or souvenir interpretation rather than authentic Russian folk craftsmanship. While visually appealing, it lacks the classic hand-painted floral motifs and subtle regional detailing typical of genuine Russian nesting dolls, indicating it’s probably mass-produced or artistically reimagined.",2025-11-30 02:43
/content/drive/MyDrive/Matreskas/Videos/Artistic/IMG_5275.MOV,Artistic,IMG_5275.MOV,"This is the smallest doll in a traditional Russian Matryoshka set, painted in vibrant red with white polka-dot trim and a stylized floral motif. Its classic facial features—bold black eyes, rosy cheeks, and a subtle smile—along with the hand-painted folk-art style, suggest authentic Russian craftsmanship, likely from a regional school like those from Vyatka or Vologda. The glossy finish and detailed brushwork indicate careful artisanal work, not mass-produced imitation.",2025-11-30 02:43
/content/drive/MyDrive/Matreskas/Videos/Artistic/IMG_5277.mov,Artistic,IMG_5277.mov,"This is the smallest doll in a Matryoshka set, featuring traditional Russian folk art: a red-painted body with white polka dots, a green floral motif, and a cheerful face with rosy cheeks. Its hand-painted details and classic design suggest authentic Russian craftsmanship, though the glossy finish hints at modern mass production rather than antique authenticity.",2025-11-30 02:43
/content/drive/MyDrive/Matreskas/Videos/Drafted/IMG_5097.mov,Drafted,IMG_5097.mov,"This is a single, hand-painted Matryoshka doll, likely the outer shell of a set, featuring a glossy yellow body with black outline detailing and subtle green accents. Its base transitions to deep purple, resting on a white turntable against a minimalist background — suggesting modern display rather than traditional Russian folk art. While stylistically reminiscent of Russian nesting dolls, its clean lines and contemporary color palette hint at a modern interpretation, possibly from a non-traditional or artisanal workshop, rather than an authentic, historically rooted Russian piece.",2025-11-30 02:43
/content/drive/MyDrive/Matreskas/Videos/Drafted/IMG_5098.mov,Drafted,IMG_5098.mov,"This is a single, stylized Matryoshka doll, likely the outer shell of a set, featuring bold red spiral patterns on a yellow base with black outlining. Its modern, graphic design suggests contemporary or non-traditional craftsmanship, possibly from a non-Russian school, as it lacks classic folk motifs or regional detailing. It appears authentic in form but not in traditional Russian style.",2025-11-30 02:43
/content/drive/MyDrive/Matreskas/Videos/Drafted/IMG_5099.mov,Drafted,IMG_5099.mov,"This is a single, brightly painted Matryoshka doll, likely the outer shell of a set, featuring a cheerful yellow face with rosy cheeks, red spiral headscarf, and floral motif on its belly. Its glossy finish and stylized, simplified features suggest a modern, possibly mass-produced interpretation rather than traditional Russian folk art—appearing more decorative than authentic.",2025-11-30 02:43
/content/drive/MyDrive/Matreskas/Videos/Drafted/IMG_5102.MOV,Drafted,IMG_5102.MOV,"This is a small, hand-painted Matryoshka doll, likely the outermost piece of a set, featuring a cheerful yellow body with black polka dots, a red floral motif, and a stylized face with orange hair. Its bold, folk-art style and simplified design suggest it’s not a traditional Russian artisan piece but rather a modern, possibly mass-produced or souvenir version. Authentic Russian Matryoshkas typically display more refined, regional patterns and intricate detailing.",2025-11-30 02:43
/content/drive/MyDrive/Matreskas/Videos/Drafted/IMG_5103.MOV,Drafted,IMG_5103.MOV,"This is a single, small Matryoshka doll, likely the outermost shell of a set, featuring a light wood base with red polka dots and a green floral motif near the base. Its simple, unadorned style and lack of traditional Russian folk motifs suggest it may be a modern or non-Russian imitation rather than an authentic Russian artisan piece.",2025-11-30 02:43
/content/drive/MyDrive/Matreskas/Videos/Drafted/IMG_5105.MOV,Drafted,IMG_5105.MOV,"This is the smallest doll in a Matryoshka set, featuring a yellow body with red polka dots and a black waistband, resting atop a white box. Its simple, folk-art style suggests a modern or regional interpretation rather than traditional Russian craftsmanship, lacking ornate detailing or classic iconography. Not authentically Russian in style; appears mass-produced or stylized for contemporary appeal.",2025-11-30 02:43
/content/drive/MyDrive/Matreskas/Videos/Drafted/IMG_5106.MOV,Drafted,IMG_5106.MOV,"This is the smallest doll in a Matryoshka set, featuring a hand-painted, stylized face with simple black eyes and a red headband. Its body is adorned with a bright pink heart and green accents, suggesting a folk-art aesthetic likely from a non-traditional Russian workshop—possibly Eastern European or modern artisanal. While authentic Russian Matryoshkas often show more intricate patterns and regional motifs, this one’s simplified design and bold colors hint at contemporary or non-Russian craftsmanship.",2025-11-30 02:43
/content/drive/MyDrive/Matreskas/Videos/Drafted/IMG_5108.MOV,Drafted,IMG_5108.MOV,"This is the smallest doll in a Matryoshka set, hand-painted with a simple, rustic charm: a tan body, black outlined face, red headband, and green-painted lower half. Its minimalist, slightly uneven brushwork and unglazed finish suggest folk-craft origins, possibly non-Russian (e.g., Ukrainian or Polish-inspired), lacking the refined detailing of traditional Russian nesting dolls. Authentic Russian Matryoshkas typically feature more elaborate, symmetrical floral patterns and glossy finishes.",2025-11-30 02:43
/content/drive/MyDrive/Matreskas/Videos/Drafted/IMG_5143.MOV,Drafted,IMG_5143.MOV,"This is a single, mid-sized Matryoshka doll, likely the outer shell of a set, featuring bold yellow and red painted sections with simple black line detailing of a traditional dress and headscarf. The style suggests a folk-art aesthetic, possibly from a Russian workshop, though the finish and slight wear hint it may be a modern reproduction rather than an authentic antique. The doll’s clean lines and bright colors align with contemporary interpretations, lacking the aged patina of older pieces.",2025-11-30 02:43
/content/drive/MyDrive/Matreskas/Videos/Drafted/IMG_5144.MOV,Drafted,IMG_5144.MOV,"This is a single, brightly painted Matryoshka doll, likely the outermost shell, featuring bold yellow and red with black spiral motifs and stylized floral accents. Its glossy finish and simplified, modern design suggest contemporary or non-traditional craftsmanship, possibly from a non-Russian origin, rather than authentic Russian folk art.",2025-11-30 02:43
/content/drive/MyDrive/Matreskas/Videos/Drafted/IMG_5145.MOV,Drafted,IMG_5145.MOV,"This is a single, small Matryoshka doll, likely the outermost piece of a set, featuring a glossy yellow head and red torso with delicate floral motifs in earthy tones. Its stylized, simplified form and bold color palette suggest a modern or souvenir interpretation rather than traditional Russian folk art, lacking the intricate, hand-painted details typical of authentic Russian nesting dolls.",2025-11-30 02:43
/content/drive/MyDrive/Matreskas/Videos/Drafted/IMG_5146.MOV,Drafted,IMG_5146.MOV,"This is the smallest doll in a Matryoshka set, featuring a glossy red lower body and golden-yellow head with a black spiral motif—classic Russian folk design. Its simple, unadorned form and bold colors suggest a modern interpretation, possibly from a contemporary Russian artisan, rather than traditional hand-painted regional styles. Authentic Russian craftsmanship is implied by the iconic color scheme and spiral, though the minimalist finish leans toward modern aesthetic.",2025-11-30 02:43
/content/drive/MyDrive/Matreskas/Videos/Drafted/IMG_5147.MOV,Drafted,IMG_5147.MOV,"This is the smallest doll in a Matryoshka set, featuring a glossy red lower half and yellow upper section with stylized black patterns. Its simple, modern design lacks traditional Russian folk motifs, suggesting it’s likely a contemporary or non-Russian interpretation rather than an authentic Russian hand-painted piece.",2025-11-30 02:43
/content/drive/MyDrive/Matreskas/Videos/Drafted/IMG_5148.MOV,Drafted,IMG_5148.MOV,"This is the smallest doll in a Matryoshka set, painted in a stylized, minimalist manner with bold yellow and pink hues, featuring a simple face and minimal detailing. Its compact size and modern aesthetic suggest it may be a contemporary or artisanal piece rather than a traditional Russian folk doll, lacking classic ornate patterns or regional motifs. While inspired by Russian nesting dolls, its clean lines and simplified design indicate it’s likely not an authentic traditional Russian craft.",2025-11-30 02:43
/content/drive/MyDrive/Matreskas/Videos/Drafted/IMG_5191.MOV,Drafted,IMG_5191.MOV,"This is a single, standalone Matryoshka doll, likely the outer shell of a set, featuring a glossy red upper half and a yellow lower half adorned with intricate black spiral motifs. Its bold, stylized design and vivid color contrast suggest a modern or folk-art interpretation rather than traditional Russian craftsmanship, possibly from a contemporary artisan or regional variant. Notably, the glossy finish and simplified patterns deviate from classic Russian nesting doll aesthetics, indicating it’s not authentically Russian in style.",2025-11-30 02:43
/content/drive/MyDrive/Matreskas/Videos/Drafted/IMG_5289.MOV,Drafted,IMG_5289.MOV,"This is the outer shell of a traditional Russian Matryoshka doll, featuring a cheerful yellow head with red hair and rosy cheeks, and a vibrant red dress adorned with gold floral motifs. The glossy finish and classic stylized face suggest authentic Russian folk craftsmanship, likely from the Volga region, with bold colors and simple, expressive features typical of early 20th-century nesting dolls.",2025-11-30 02:43
/content/drive/MyDrive/Matreskas/Videos/Merchandise/IMG_5212.MOV,Merchandise,IMG_5212.MOV,"This is a single, intricately painted Matryoshka doll, likely the outermost shell of a set, featuring a deep blue upper half with white floral motifs and a lighter blue lower half depicting stylized landscape elements. The craftsmanship suggests a traditional Russian folk style, with hand-painted details and classic asymmetrical design, though the glossy finish and modern display base hint at contemporary production rather than an authentic antique.",2025-11-30 02:43
/content/drive/MyDrive/Matreskas/Videos/Merchandise/IMG_5213.MOV,Merchandise,IMG_5213.MOV,"This is a single, ornate Matryoshka doll, likely the outermost shell of a set, featuring a deep cobalt blue body with intricate white and light blue floral motifs and stylized wave patterns near the base. Its hand-painted, folk-art style and classic silhouette suggest authentic Russian craftsmanship, though the glossy finish and precise brushwork hint at modern artisanal production rather than traditional woodblock methods.",2025-11-30 02:43
/content/drive/MyDrive/Matreskas/Videos/Merchandise/IMG_5214.MOV,Merchandise,IMG_5214.MOV,"This is the smallest doll in a set, featuring deep cobalt blue with delicate white floral motifs and subtle gold accents, characteristic of traditional Russian folk art. Its glossy finish and classic silhouette suggest authentic Russian craftsmanship, likely from the Volga region or a modern artisanal revival, not a mass-produced imitation.",2025-11-30 02:43
/content/drive/MyDrive/Matreskas/Videos/Merchandise/IMG_5215.MOV,Merchandise,IMG_5215.MOV,"This is the smallest doll in a set, featuring deep cobalt blue with delicate white floral and wave motifs, likely hand-painted in a traditional Russian folk style. Its glossy finish and classic rounded form suggest authentic Russian craftsmanship, though the minimalist white base hints at modern display. Notable for its fine detailing and classic color palette, it evokes the iconic Matryoshka aesthetic.",2025-11-30 02:43
/content/drive/MyDrive/Matreskas/Videos/Merchandise/IMG_5221.MOV,Merchandise,IMG_5221.MOV,"This is a single, ornately decorated Matryoshka doll, likely the outer shell of a set, featuring bold cobalt blue with intricate white floral and foliate patterns in a classic Russian folk style. The design, with stylized blossoms and swirling motifs, evokes traditional Russian nesting doll craftsmanship, though the glossy finish and modern white pedestal suggest contemporary production rather than authentic antique Russian hand-painted work.",2025-11-30 02:43
/content/drive/MyDrive/Matreskas/Videos/Merchandise/IMG_5222.MOV,Merchandise,IMG_5222.MOV,"This is a single, ornate Matryoshka doll, likely the outer shell of a set, featuring bold cobalt blue with intricate white floral and geometric patterns reminiscent of traditional Russian folk art. The stylized flowers and symmetrical motifs suggest a classic Russian design, though the glossy finish and modern presentation hint at contemporary craftsmanship rather than an authentic antique. It appears to be a stylized, possibly mass-produced or artistically reimagined version rather than a traditional folk artifact.",2025-11-30 02:43
/content/drive/MyDrive/Matreskas/Videos/Merchandise/IMG_5224.MOV,Merchandise,IMG_5224.MOV,"This is a single, hand-painted Matryoshka doll, likely the outer shell of a set, featuring a stylized face with blue eyes and a yellow headscarf against a cobalt blue and white background with traditional floral motifs. Its glossy finish and bold, simplified design suggest a modern or souvenir interpretation rather than authentic Russian folk craftsmanship, which typically employs more nuanced brushwork and regional patterns.",2025-11-30 02:43
/content/drive/MyDrive/Matreskas/Videos/Merchandise/IMG_5226.MOV,Merchandise,IMG_5226.MOV,"This is a small, intricately painted Matryoshka doll, likely the smallest in a set, featuring bold cobalt blue floral and wave motifs on a white base with a yellow sun accent. The style suggests a modern or artisanal interpretation rather than traditional Russian folk art, lacking the classic folk patterns and hand-painted brushwork typical of authentic Russian nesting dolls. It appears non-authentic Russian, possibly a contemporary decorative piece or imported imitation.",2025-11-30 02:43
/content/drive/MyDrive/Matreskas/Videos/Merchandise/IMG_5227.MOV,Merchandise,IMG_5227.MOV,"This is a single, small Matryoshka doll, likely the innermost piece of a set, painted in vibrant cobalt blue with white floral and wave motifs on a glossy finish. Its stylized, simplified form and bold color contrast suggest a modern or folk-art interpretation rather than traditional Russian craftsmanship, possibly from a contemporary artisan or non-Russian origin. Not authentically Russian in style, it leans toward decorative modernism.",2025-11-30 02:43
/content/drive/MyDrive/Matreskas/Videos/Merchandise/IMG_5228.MOV,Merchandise,IMG_5228.MOV,"This is the smallest doll in a set, featuring a deep blue body with white floral motifs and a yellow-topped head with a brown accent. Its minimalist, modern aesthetic and clean lines suggest contemporary or non-traditional craftsmanship, likely not authentic Russian folk art. The style appears more decorative and stylized than traditional Matryoshka, which typically features hand-painted floral patterns and rustic charm.",2025-11-30 02:43
/content/drive/MyDrive/Matreskas/Videos/Merchandise/IMG_5229.MOV,Merchandise,IMG_5229.MOV,"This is a single, small Matryoshka doll, likely the innermost doll in a set, painted with bold blue and yellow bands and a stylized face. Its minimalist, modern aesthetic and smooth, glossy finish suggest it’s not traditional Russian folk art but rather a contemporary or artisanal reinterpretation. It appears authentic in form but not in style—more like a designer toy than a classic Russian nesting doll.",2025-11-30 02:43
/content/drive/MyDrive/Matreskas/Videos/Merchandise/IMG_5230.MOV,Merchandise,IMG_5230.MOV,"This is the smallest doll in a Matryoshka set, featuring a blue base and a yellow-and-white patterned top with faint Cyrillic script, suggesting Russian origin. Its simplistic, modern design lacks traditional folk detailing, hinting at a contemporary or non-authentic Russian interpretation rather than classic folk craftsmanship.",2025-11-30 02:43
/content/drive/MyDrive/Matreskas/Videos/Merchandise/IMG_5232.MOV,Merchandise,IMG_5232.MOV,"This is not a Matryoshka doll — it’s a small, stylized blue-and-yellow spinning top (yoyotop) resting on a white circular base. Likely a modern toy or decorative item, not a traditional Russian nesting doll; lacks the iconic layered wooden construction, painted facial features, or folk motifs. Authentic Russian Matryoshkas are typically hand-carved, painted with folk designs, and nested — this object appears unrelated to the craft.",2025-11-30 02:43
/content/drive/MyDrive/Matreskas/Videos/Non-Matreskas/IMG_5132.MOV,Non-Matreskas,IMG_5132.MOV,"This is a single, non-nested Matryoshka doll, likely an outer shell or standalone decorative piece, painted in bold yellow, magenta, and purple with a glossy finish. It features a stylized, simplified face and minimal traditional folk motifs, suggesting a modern or commercial interpretation rather than authentic Russian folk craftsmanship. The smooth, uniform paint and lack of intricate hand-painted details or regional iconography (like floral patterns or specific regional motifs) indicate it’s not a traditional Russian doll but a contemporary, possibly mass-produced, stylized version.",2025-11-30 02:43
/content/drive/MyDrive/Matreskas/Videos/Non-Matreskas/IMG_5149.MOV,Non-Matreskas,IMG_5149.MOV,"This is a single, ornately decorated Matryoshka doll, likely the outer shell of a set, featuring hand-painted red flowers and green leaves on a warm yellow wooden body with a tapered top. The craftsmanship suggests a traditional Russian folk style, with visible brushwork and natural wood grain, though the modern white charging base implies a contemporary or novelty adaptation. It appears authentic Russian in design but contextually hybridized with modern tech.",2025-11-30 02:43
/content/drive/MyDrive/Matreskas/Videos/Non-Matreskas/IMG_5284.MOV,Non-Matreskas,IMG_5284.MOV,"This is a single, stylized Matryoshka doll, likely the outer shell of a set, featuring a bold red hat, ochre torso with minimal black-line facial details, and a deep purple skirt. Its simplified, almost cartoonish design and glossy finish suggest modern or non-traditional craftsmanship, deviating from authentic Russian folk art’s intricate hand-painted realism. Not authentic Russian; appears mass-produced or contemporary reinterpretation.",2025-11-30 02:43
/content/drive/MyDrive/Matreskas/Videos/Non-Matreskas/IMG_5296.MOV,Non-Matreskas,IMG_5296.MOV,"This is a single, elaborately painted Matryoshka doll, likely the outer shell of a set, featuring vibrant floral motifs in red, green, and gold with glitter accents and a ladybug detail. Its glossy finish and ornate gold trim suggest a folk-art style, possibly inspired by Russian traditions but with modern embellishments; it appears authentic Russian in design yet may incorporate contemporary decorative elements.",2025-11-30 02:43
/content/drive/MyDrive/Matreskas/Videos/Non-Matreskas/IMG_5297.MOV,Non-Matreskas,IMG_5297.MOV,"This is a single, ornate Matryoshka doll, likely the outer shell of a set, featuring a glossy red base with gold snowflake trim and a vibrant, hand-painted upper section adorned with autumnal motifs—brown leaves, red berries, and green foliage against a dark background. The style suggests a folk-art aesthetic, possibly inspired by Russian traditions but with modern embellishments like glitter on the lid; however, its polished finish and decorative elements make it more contemporary than a classic Russian folk doll. It appears authentic in form but stylized for decorative appeal rather than traditional craftsmanship.",2025-11-30 02:43
/content/drive/MyDrive/Matreskas/Videos/Non-Matreskas/IMG_5378.MOV,Non-Matreskas,IMG_5378.MOV,"This is a single, brightly painted Matryoshka egg, likely the outer shell of a set, featuring bold yellow with stylized blue-green leaf motifs at the top and red-pink floral patterns below. The hand-painted, folk-art style with vivid colors and simplified forms suggests a traditional Russian origin, though the glossy finish and slightly uniform shape hint at modern reproduction rather than an authentic antique.",2025-11-30 02:43
/content/drive/MyDrive/Matreskas/Videos/Non-Matreskas/IMG_5380.MOV,Non-Matreskas,IMG_5380.MOV,"This is a single, outer-shell Matryoshka egg, painted in a light teal with stylized orange-red flowers and green leaves—classic folk-art motifs. The glossy finish and simplified floral design suggest a modern or souvenir interpretation, likely not traditional Russian (e.g., from Vologda or Khokhloma), but rather mass-produced for decorative appeal. It lacks the intricate, regional brushwork and wood grain typical of authentic Russian nesting dolls.",2025-11-30 02:43
/content/drive/MyDrive/Matreskas/Videos/Non-Matreskas/IMG_5383.MOV,Non-Matreskas,IMG_5383.MOV,"This is an outer-shell Matryoshka doll, painted bright yellow with stylized blue floral motifs and a subtle red center, suggesting a folk-art aesthetic. The glossy finish and simple, bold design hint at a modern or simplified Russian-inspired style, possibly from a non-traditional workshop rather than a classic Russian artisanal school. While visually authentic in theme, its execution lacks the intricate detailing and regional variations typical of authentic Russian Matryoshka craftsmanship.",2025-11-30 02:43
/content/drive/MyDrive/Matreskas/Videos/Non-Matreskas/IMG_5387.MOV,Non-Matreskas,IMG_5387.MOV,"This is a single, small Matryoshka doll, likely the innermost or smallest piece, with a bright lime-green base and abstract red-orange and blue brushstrokes. Its unfinished wooden rim and simple, non-traditional design suggest it’s either a modern, simplified version or a non-Russian artisanal piece — not authentically Russian in style or finish.",2025-11-30 02:43
/content/drive/MyDrive/Matreskas/Videos/Non-Matreskas/IMG_5389.MOV,Non-Matreskas,IMG_5389.MOV,"This is a single, small Matryoshka doll, likely the outer shell or smallest in a set, featuring a glossy teal body with abstract black brushstrokes and red-orange accents. Its minimalist, modern aesthetic suggests contemporary or non-traditional Russian craftsmanship rather than classic folk art, lacking the ornate floral motifs or regional patterns typical of authentic Russian nesting dolls.",2025-11-30 02:43
/content/drive/MyDrive/Matreskas/Videos/Non-Matreskas/IMG_5392.MOV,Non-Matreskas,IMG_5392.MOV,"This is not a Matryoshka doll but a hand-painted Easter egg, likely Russian in origin, featuring a winter scene with a church and snow-covered cottage under a vibrant sunset. The egg’s detailed brushwork and traditional iconography—such as the Orthodox cross—suggest authentic Russian folk art, not a doll set. It’s a standalone decorative piece, not part of a nesting doll family.",2025-11-30 02:43
/content/drive/MyDrive/Matreskas/Videos/Non-Matreskas/IMG_5395.MOV,Non-Matreskas,IMG_5395.MOV,"This is not a Matryoshka doll but a Russian-style painted Easter egg (pysanka), likely from the 19th–20th century. It features intricate depictions of Orthodox churches with golden crosses against a dark, starry night sky, rendered in rich greens, reds, and golds—hallmarks of traditional Russian folk art. The egg rests on a modern turntable, suggesting it’s a decorative collectible rather than a nesting doll. Authentic Russian craftsmanship, though the egg’s modern display base is not traditional.",2025-11-30 02:43
/content/drive/MyDrive/Matreskas/Videos/Non-Matreskas/IMG_5399.MOV,Non-Matreskas,IMG_5399.MOV,"Actually, this is not a Matryoshka doll — it’s a decorative ceramic or glass vessel with bold yellow and black swirling floral patterns, likely from Eastern Europe or Russia, but not a nesting doll. The glossy finish and stylized motifs suggest folk art influence, possibly Ukrainian or Russian, but it lacks the iconic nested structure of Matryoshka dolls. It appears authentic in style but is not a doll set.",2025-11-30 02:43
/content/drive/MyDrive/Matreskas/Videos/Non-authentic/IMG_5095.MOV,Non-authentic,IMG_5095.MOV,"This is a modern, stylized Matryoshka doll, likely the outer shell of a set, featuring glossy cobalt blue with bold yellow zigzags and a red pom-pom topper. Its abstract, geometric design and non-traditional motifs suggest it’s a contemporary or commercial piece, not authentic Russian folk art. The sticker and plastic base further imply mass production rather than artisanal craftsmanship.",2025-11-30 02:43
/content/drive/MyDrive/Matreskas/Videos/Non-authentic/IMG_5124.MOV,Non-authentic,IMG_5124.MOV,"This is an outer-shell Matryoshka doll, painted in a stylized, cartoonish manner with a blonde-haired figure holding a horn, wearing a belt and boots. The design features bold, flat colors and simplified forms, deviating from traditional Russian folk art’s intricate detailing and naturalistic motifs. It appears non-authentic Russian, likely a modern or commercial product, possibly from Eastern Europe or Asia, given its playful, Western-influenced aesthetic.",2025-11-30 02:43
/content/drive/MyDrive/Matreskas/Videos/Non-authentic/IMG_5126.MOV,Non-authentic,IMG_5126.MOV,"This is a single, stylized Matryoshka doll, likely the outer shell of a set, featuring a cheerful indigenous-inspired figure with braided hair, red headband, and earth-toned dress. Its simplified, cartoonish design and non-traditional motifs suggest it’s a modern, possibly non-Russian souvenir or toy, rather than an authentic Russian folk art piece. The glossy finish and plastic-like appearance further indicate mass-produced, commercial origin.",2025-11-30 02:43
/content/drive/MyDrive/Matreskas/Videos/Non-authentic/IMG_5127.MOV,Non-authentic,IMG_5127.MOV,"This is a single, hand-painted Matryoshka doll, likely the outer shell of a set, featuring a stylized female figure in teal and cream with bold black outlines. Its simplified, cartoonish design and glossy finish suggest a modern or folk-art interpretation rather than traditional Russian craftsmanship. Not authentic Russian; it leans toward contemporary or regional folk style with exaggerated features and flat color blocking, possibly from Eastern Europe or a modern artisan workshop.",2025-11-30 02:43
/content/drive/MyDrive/Matreskas/Videos/Non-authentic/IMG_5130.MOV,Non-authentic,IMG_5130.MOV,"This is a single, intricately painted Matryoshka doll, likely the outermost shell of a set, featuring bold black-and-brown feathered detailing, turquoise accents, and stylized eyes with red and blue highlights. Its vibrant, folk-art style suggests traditional Russian craftsmanship, though the modern, minimalist white pedestal contrasts with its rustic charm. It appears authentic Russian, with classic nesting doll motifs and hand-painted regional flair.",2025-11-30 02:43
/content/drive/MyDrive/Matreskas/Videos/Non-authentic/IMG_5131.MOV,Non-authentic,IMG_5131.MOV,"This is a small, hand-painted Matryoshka doll, likely the outermost shell of a set, featuring a stylized fisherman in a teal cap and orange vest with red accents. Its bold, folk-art style and simplified forms suggest it may be from a modern or non-traditional Russian workshop rather than a classic Russian artisan piece, as it lacks the intricate floral motifs and traditional peasant dress. It appears authentic in craftsmanship but not in regional tradition.",2025-11-30 02:43
/content/drive/MyDrive/Matreskas/Videos/Non-authentic/IMG_5136.MOV,Non-authentic,IMG_5136.MOV,"This is a single, brightly painted Matryoshka doll, likely the outer shell of a set, featuring a red polka-dotted headscarf and blue skirt with circular motifs. Its bold, modernist style—vivid colors and graphic patterns—suggests a contemporary or folk-art interpretation rather than traditional Russian craftsmanship, indicating it’s not authentically Russian but inspired by the form.",2025-11-30 02:43
/content/drive/MyDrive/Matreskas/Videos/Non-authentic/IMG_5137.MOV,Non-authentic,IMG_5137.MOV,"This is a single, small Matryoshka doll, likely the outermost piece of a set, featuring classic Russian folk art styling: a painted face with blue eyes, red collar, and striped red-and-blue skirt with yellow polka dots. The glossy finish and traditional design suggest authentic Russian craftsmanship, though the simple, modern white box it sits on contrasts with its vintage charm.",2025-11-30 02:43
/content/drive/MyDrive/Matreskas/Videos/Non-authentic/IMG_5139.MOV,Non-authentic,IMG_5139.MOV,"This is the smallest doll in a Matryoshka set, featuring a stylized, simplified face with a black dot eye, cream body, red waistband, and red lower section. Its minimalist design and lack of ornate patterns suggest it may be a modern or Western-inspired interpretation rather than traditional Russian craftsmanship, which typically includes more detailed facial expressions, floral motifs, and hand-painted regional styles. It appears authentic in form but likely not authentically Russian in origin.",2025-11-30 02:43
/content/drive/MyDrive/Matreskas/Videos/Non-authentic/IMG_5142.MOV,Non-authentic,IMG_5142.MOV,"This is the smallest doll in a Matryoshka set, featuring a classic Russian folk style with a painted black bobbed wig, red scarf, and simple facial features. Its glossy finish and minimalistic design suggest modern reproduction rather than traditional hand-painted Russian craftsmanship, likely from a mass-market manufacturer. Not authentically Russian in execution, though stylistically inspired.",2025-11-30 02:43
/content/drive/MyDrive/Matreskas/Videos/Non-authentic/IMG_5182.MOV,Non-authentic,IMG_5182.MOV,"This is a single, stylized Matryoshka doll, likely the outer shell of a set, featuring a minimalist, modern design with bold black-and-white geometric patterns and a simplified, smiling face. Its clean lines and contemporary aesthetic suggest it’s a modern interpretation rather than traditional Russian folk art, possibly from a Scandinavian or minimalist design school. Not authentic Russian in style — more of a decorative, mass-produced homage.",2025-11-30 02:43
/content/drive/MyDrive/Matreskas/Videos/Non-authentic/IMG_5184.MOV,Non-authentic,IMG_5184.MOV,"This is a single, glossy black Matryoshka doll with a bold white geometric pattern of interlocking diamonds and dots, suggesting a modern or stylized interpretation rather than traditional Russian folk art. Its sleek, minimalist design and lack of facial features or ornate detailing indicate it’s likely a contemporary decorative piece, not an authentic Russian folk doll from a specific regional school. The clean lines and monochrome palette hint at Scandinavian or minimalist influences, making it more of a modern art object than a traditional heirloom.",2025-11-30 02:43
/content/drive/MyDrive/Matreskas/Videos/Non-authentic/IMG_5185.MOV,Non-authentic,IMG_5185.MOV,"This is a single, stylized Matryoshka doll, likely the outer shell of a set, featuring a smooth white domed top and a bold black-and-white zigzag band around its neck. Its minimalist, modern aesthetic—lacking traditional Russian folk motifs—suggests contemporary design rather than authentic Russian craftsmanship. The clean lines and monochrome palette indicate a Western or mass-produced interpretation, not a traditional Russian folk piece.",2025-11-30 02:43
/content/drive/MyDrive/Matreskas/Videos/Non-authentic/IMG_5194.MOV,Non-authentic,IMG_5194.MOV,"This is a single, small Matryoshka doll, likely the outer shell of a set, featuring a glossy black upper half adorned with stylized orange, pink, and green floral motifs, transitioning to a red lower half with white polka dots. Its bold, folk-art style and vivid color palette suggest it may be inspired by Russian traditions but lacks the classic, highly detailed regional ornamentation typical of authentic Russian nesting dolls; it appears more modern or commercially produced.",2025-11-30 02:43
/content/drive/MyDrive/Matreskas/Videos/Non-authentic/IMG_5195.MOV,Non-authentic,IMG_5195.MOV,"This is a single, smallest Matryoshka doll, likely from a set, standing atop a white box. It features bold black-and-red patterns with white polka dots and floral motifs, painted in a traditional Russian folk style with a painted face and headscarf. The glossy finish and classic design suggest authentic Russian craftsmanship, though without visible nesting or multiple dolls, it’s hard to confirm if it’s part of a full family set. The style is unmistakably Russian, evoking folk art from regions like Vyatka or Vologda.",2025-11-30 02:43
/content/drive/MyDrive/Matreskas/Videos/Non-authentic/IMG_5196.MOV,Non-authentic,IMG_5196.MOV,"This is a single, mid-sized Matryoshka doll, likely from a modern artisanal set, featuring a dark green base with white polka dots, pink and white stylized flowers, and a red dot center. Its glossy finish and simplified floral motifs suggest contemporary design rather than traditional Russian folk art, making it more decorative than authentically regional. Not authentically Russian in style; appears to be a modern interpretation or non-Russian production.",2025-11-30 02:43
/content/drive/MyDrive/Matreskas/Videos/Non-authentic/IMG_5197.MOV,Non-authentic,IMG_5197.MOV,"This is a single, hand-painted Matryoshka doll, likely the outer shell of a set, featuring bold floral motifs—orange and pink blossoms with red centers against a glossy black background, accented by green leaves and white polka dots. Its stylized, vibrant design and glossy finish suggest a modern or folk-art interpretation rather than traditional Russian craftsmanship, possibly from a contemporary artisan or non-Russian origin.",2025-11-30 02:43
/content/drive/MyDrive/Matreskas/Videos/Non-authentic/IMG_5198.MOV,Non-authentic,IMG_5198.MOV,"This is a single, ornately painted Matryoshka doll, likely the outer shell of a set, featuring a glossy black upper half with vibrant pink and orange flowers, green leaves, and white polka dots on a teal lower half. Its bold, modern floral motif and vivid color palette suggest contemporary craftsmanship, possibly from a non-traditional Russian school or a modern artisanal production rather than classical Russian folk style. It appears authentic in form but stylized beyond traditional Russian folk art norms.",2025-11-30 02:43
/content/drive/MyDrive/Matreskas/Videos/Non-authentic/IMG_5199.MOV,Non-authentic,IMG_5199.MOV,"This is not a traditional Russian Matryoshka doll but a modern, hand-painted decorative item resembling one, likely from a contemporary craft or DIY context. It features a black base with vibrant floral motifs — a large white flower with red center, smaller orange and pink blooms, and green leaves — suggesting a stylized, non-traditional aesthetic rather than authentic Russian folk art. The glossy finish and minimalist white stand further indicate a modern, possibly Western-inspired design, not a traditional Russian nesting doll.",2025-11-30 02:43
/content/drive/MyDrive/Matreskas/Videos/Non-authentic/IMG_5200.MOV,Non-authentic,IMG_5200.MOV,"This is not a traditional Russian Matryoshka doll but a ceramic vessel set resembling one, likely from a modern or Western artisan. The outer shell is green with white polka dots and grid patterns, while the inner layers are unglazed terracotta; it sits on a white electric warmer, suggesting a decorative or functional tea set rather than a nesting doll. Not authentic Russian craftsmanship — the style is contemporary, possibly Scandinavian or minimalist design.",2025-11-30 02:43
/content/drive/MyDrive/Matreskas/Videos/Non-authentic/IMG_5201.MOV,Non-authentic,IMG_5201.MOV,"This is not a Matryoshka doll—it’s a green ceramic vessel with white speckles and black grid patterns, resting on a modern white electric warmer. The piece lacks traditional Russian doll features like painted faces, layered nesting, or folk motifs, suggesting it’s a decorative container, not a Russian doll set. It appears non-Russian in origin, likely contemporary or artisanal ceramic art.",2025-11-30 02:43
/content/drive/MyDrive/Matreskas/Videos/Non-authentic/IMG_5202.MOV,Non-authentic,IMG_5202.MOV,"This is the outer shell of a Matryoshka doll, featuring bold floral motifs—orange blossoms with red centers, pink flowers, and green leaves—against a glossy black upper half and a green lower half with grid patterns and white dots. The style suggests a modern, possibly non-traditional Russian interpretation, with vivid colors and stylized forms, rather than classic folk art. While visually striking, its contemporary design and lack of traditional peasant motifs make it less authentic Russian craftsmanship.",2025-11-30 02:43
/content/drive/MyDrive/Matreskas/Videos/Non-authentic/IMG_5204.MOV,Non-authentic,IMG_5204.MOV,"This is an outer-shell Matryoshka doll featuring a cheerful cartoon lion with a stylized mane, yellow body, and grassy base, painted in bright, playful colors. It lacks traditional Russian folk motifs like floral patterns or peasant dress, suggesting a modern, commercial design likely from a non-Russian manufacturer, not authentic Russian craftsmanship.",2025-11-30 02:43
/content/drive/MyDrive/Matreskas/Videos/Non-authentic/IMG_5205.MOV,Non-authentic,IMG_5205.MOV,"This is a single, stylized Matryoshka doll, likely the outer shell of a set, painted in bold red with black horizontal stripes and yellow accents at the base. Its simplified, modern design—lacking traditional facial features or folk motifs—suggests it’s a contemporary or commercial product, not an authentic Russian folk craft. The glossy finish and minimalist aesthetic indicate mass production rather than artisanal craftsmanship.",2025-11-30 02:43
/content/drive/MyDrive/Matreskas/Videos/Non-authentic/IMG_5206.MOV,Non-authentic,IMG_5206.MOV,"This is a single, small red Matryoshka doll, likely the outermost shell of a set, featuring a simple floral motif with a yellow center and swirling vine. Its glossy finish and minimalist design suggest modern or stylized craftsmanship rather than traditional Russian folk art, appearing more like a souvenir or toy than an authentic heirloom. Notably, it lacks the classic multi-layered nesting and intricate hand-painted details typical of genuine Russian Matryoshka dolls.",2025-11-30 02:43
/content/drive/MyDrive/Matreskas/Videos/Non-authentic/IMG_5216.MOV,Non-authentic,IMG_5216.MOV,"This is a single, ornate Matryoshka doll, likely the outer shell of a set, featuring a glossy crimson finish with intricate white floral and foliate carvings. Its stylized, slightly asymmetrical floral motifs and smooth, rounded form suggest a modern or artisanal interpretation rather than traditional Russian folk style, possibly from a contemporary craft workshop. While visually authentic in form, its refined, almost painterly detailing hints at non-traditional or non-Russian origins, blending folk aesthetics with modern design.",2025-11-30 02:43
/content/drive/MyDrive/Matreskas/Videos/Non-authentic/IMG_5217.MOV,Non-authentic,IMG_5217.MOV,"This is a single, small Matryoshka doll, likely the outer shell of a set, painted in glossy cobalt blue with stylized green leaf motifs. Its smooth, modern finish and simplified design suggest it’s a contemporary or non-traditional piece, possibly mass-produced rather than authentic Russian folk art. While visually reminiscent of classic Russian nesting dolls, its minimalist aesthetic and uniform coloration deviate from traditional regional craftsmanship, indicating it’s likely not an authentic Russian artifact.",2025-11-30 02:43
/content/drive/MyDrive/Matreskas/Videos/Non-authentic/IMG_5218.MOV,Non-authentic,IMG_5218.MOV,"This is a single, small Matryoshka doll, likely the outermost shell of a set, painted in a simplified, modern style with a glossy red body and a stylized green leaf motif near the base. Its minimalist design and uniform coloration suggest it’s not traditional Russian folk art but rather a contemporary or commercial interpretation, possibly from Eastern Europe or Asia. It lacks the ornate detailing and regional motifs typical of authentic Russian nesting dolls.",2025-11-30 02:43
/content/drive/MyDrive/Matreskas/Videos/Non-authentic/IMG_5219.MOV,Non-authentic,IMG_5219.MOV,"This is a single, small green Matryoshka doll, likely the smallest in a set, standing atop a white circular base. Its glossy, solid green finish and simple, unadorned form suggest a modern or minimalist interpretation, lacking traditional Russian folk motifs or regional detailing. It appears non-authentic Russian — more likely a contemporary or stylized replica rather than a traditional hand-painted wooden doll from Russia.",2025-11-30 02:43
/content/drive/MyDrive/Matreskas/Videos/Non-authentic/IMG_5220.MOV,Non-authentic,IMG_5220.MOV,"This is the smallest doll in a Matryoshka set, painted in vibrant pink with delicate floral motifs and a traditional kokoshnik headpiece. Its glossy finish and stylized face suggest a modern or souvenir interpretation rather than authentic Russian folk craftsmanship, likely mass-produced for tourism. Notably, the doll lacks the classic hand-painted regional details of genuine Russian nesting dolls, indicating it’s not a traditional artisanal piece.",2025-11-30 02:43
/content/drive/MyDrive/Matreskas/Videos/Non-authentic/IMG_5290.MOV,Non-authentic,IMG_5290.MOV,"This is a single, stylized Matryoshka doll, likely the outer shell of a set, featuring a glossy yellow upper half with three small white dots (suggesting facial features) and a dark burgundy lower half. Its minimalist, modernist form and smooth, monochromatic finish deviate from traditional Russian folk art, indicating it’s more likely a contemporary or Western-inspired design rather than an authentic Russian piece.",2025-11-30 02:43
/content/drive/MyDrive/Matreskas/Videos/Non-authentic/IMG_5291.MOV,Non-authentic,IMG_5291.MOV,"This is a single, stylized Matryoshka doll, likely the outer shell of a set, featuring a glossy yellow upper half and deep purple lower half with a distinct horizontal seam. Its minimalist, modern aesthetic—smooth curves, bold color blocking, and lack of traditional folk motifs—suggests contemporary design rather than authentic Russian craftsmanship, which typically includes painted floral patterns, kokoshnik headpieces, and regional folk details. The doll’s clean lines and glossy finish resemble mass-produced or artisanal modern interpretations, not traditional Russian nesting dolls.",2025-11-30 02:43
/content/drive/MyDrive/Matreskas/Videos/Non-authentic/IMG_5292.MOV,Non-authentic,IMG_5292.MOV,"This is a single, small Matryoshka doll, likely the outermost or middle shell, featuring a glossy yellow head and deep purple body with a subtle sheen. Its minimalist, modern design and smooth finish suggest a contemporary or non-traditional interpretation, possibly from a non-Russian artisan or mass-produced line, lacking the ornate folk detailing typical of authentic Russian nesting dolls.",2025-11-30 02:43
/content/drive/MyDrive/Matreskas/Videos/Non-authentic/IMG_5293.MOV,Non-authentic,IMG_5293.MOV,"This is a single, small Matryoshka doll, likely the smallest in a set, featuring a bright yellow body with bold red and black horizontal stripes near the top and base. Its simple, stylized form and glossy finish suggest a modern or mass-produced imitation rather than authentic Russian folk craftsmanship, lacking traditional hand-painted floral motifs or regional detailing. Not authentic Russian; appears factory-made with simplified design.",2025-11-30 02:43
/content/drive/MyDrive/Matreskas/Videos/Non-authentic/IMG_5298.MOV,Non-authentic,IMG_5298.MOV,"This is the outer shell of a traditional Russian Matryoshka doll, painted in bright yellow with a vivid floral motif—pink and red blossoms with green leaves—on its rounded top. The glossy finish and classic cylindrical form suggest authentic Russian folk craftsmanship, though the slightly uneven brushwork hints at modern or semi-industrial production rather than a vintage artisanal piece.",2025-11-30 02:43
/content/drive/MyDrive/Matreskas/Videos/Non-authentic/IMG_5299.MOV,Non-authentic,IMG_5299.MOV,"This is the outer shell of a Matryoshka doll, painted in vibrant yellow with bold black tiger stripes and a stylized tiger motif near the base. The glossy finish and simplified, folk-art style suggest a modern or regional interpretation rather than traditional Russian craftsmanship, possibly from Eastern Europe or a contemporary artisanal line. Not authentically Russian in style, it leans toward stylized, playful design over classic Russian folk motifs.",2025-11-30 02:43
/content/drive/MyDrive/Matreskas/Videos/Non-authentic/IMG_5403.MOV,Non-authentic,IMG_5403.MOV,"This is a modern, stylized Matryoshka doll, likely not authentic Russian, featuring a glossy black upper half with a white circular detail and a vibrant pink lower half adorned with large white polka dots. It appears to be a single doll, possibly from a contemporary decorative line, rather than a traditional nested set, and its bold, playful design suggests Western-inspired craftsmanship over classic Russian folk art.",2025-11-30 02:43
/content/drive/MyDrive/Matreskas/Videos/Non-authentic/IMG_5407.MOV,Non-authentic,IMG_5407.MOV,"This is a single, stylized Matryoshka doll, likely the outer shell of a set, featuring a bold black-and-yellow bee motif on its domed head and a vibrant orange body with a blue abstract shape. Its glossy finish and simplified, cartoonish design suggest modern or non-traditional craftsmanship, possibly from a contemporary Russian or Eastern European artisan rather than classic Russian folk art. Not authentic to traditional Russian Matryoshka aesthetics, which favor hand-painted floral or domestic scenes.",2025-11-30 02:43
/content/drive/MyDrive/Matreskas/Videos/Non-authentic/IMG_5410.MOV,Non-authentic,IMG_5410.MOV,"This is a single, stylized Matryoshka doll, likely the outer shell of a set, featuring a glossy yellow body with a bold green horizontal band and a black curved line resembling a smile or decorative motif. Its minimalist, modern design with smooth curves and bright colors suggests contemporary or non-traditional craftsmanship, not authentic Russian folk art, which typically features more intricate painted details and traditional motifs. The doll’s clean lines and vibrant palette evoke a playful, modern aesthetic rather than the rustic, hand-painted charm of classic Russian nesting dolls.",2025-11-30 02:43
/content/drive/MyDrive/Matreskas/Videos/Political/IMG_4799.MOV,Political,IMG_4799.MOV,"This is the outer shell of a modern, stylized Matryoshka doll, painted with a portrait of Vladimir Putin in profile, wearing a dark suit and tie. The lower half features the Russian flag’s tricolor stripes, rendered in bold, flat colors against a glossy finish. The artwork’s graphic, almost cartoonish style suggests a contemporary, possibly satirical or commemorative piece rather than traditional Russian folk craftsmanship. While the motif and flag reference Russian identity, the execution feels more like a political novelty item than an authentic folk doll.",2025-11-30 02:43
/content/drive/MyDrive/Matreskas/Videos/Political/IMG_4802.MOV,Political,IMG_4802.MOV,"This is the outer shell of a Matryoshka doll, featuring a glossy, two-tone finish: amber-brown upper half with a stylized black-and-white face, and a deep, reflective black lower body. The bold, simplified facial design and smooth lacquered surface suggest a modern or folk-art interpretation, possibly from a non-traditional Russian workshop rather than classic Russian folk craftsmanship. While visually striking, it lacks the intricate hand-painted details and regional motifs typical of authentic Russian Matryoshka dolls from regions like Vologda or Khokhlov.",2025-11-30 02:43
/content/drive/MyDrive/Matreskas/Videos/Political/IMG_4803.MOV,Political,IMG_4803.MOV,"This is the outer shell of a Matryoshka doll, featuring a glossy black lacquer finish with a partial, stylized orange-and-brown painted face visible on its right side. The design suggests a folk-art aesthetic, possibly Russian-inspired, though the incomplete painting and modern-looking finish hint it may be a contemporary or non-traditional piece rather than an authentic vintage Russian doll.",2025-11-30 02:43
/content/drive/MyDrive/Matreskas/Videos/Political/IMG_4804.MOV,Political,IMG_4804.MOV,"This is the outer shell of a Russian-style Matryoshka doll, painted with a stylized, stern-faced male figure—likely a historical or folkloric character—with bold black outlines, dark hair, and a prominent mustache. The glossy, dark green and brown finish suggests traditional hand-painted craftsmanship, though the subject matter deviates from classic female Matryoshka imagery. It appears authentic Russian in style and execution, though the male portrait is rare and may reflect regional or modern artistic variation.",2025-11-30 02:43
/content/drive/MyDrive/Matreskas/Videos/Political/IMG_4805.MOV,Political,IMG_4805.MOV,"This is a single, intricately painted Matryoshka doll, likely the outer shell of a set, featuring a stylized portrait with dark hair and a formal collar against a glossy, two-toned brown and black finish. Its minimalist, modern aesthetic suggests contemporary craftsmanship rather than traditional Russian folk art, with clean lines and muted colors evoking a Western-influenced design. Not authentically Russian in style; more likely a modern reinterpretation or non-traditional piece.",2025-11-30 02:43
/content/drive/MyDrive/Matreskas/Videos/Religious/IMG_4792.MOV,Religious,IMG_4792.MOV,"This is the outer shell of a Russian Orthodox-themed Matryoshka doll, painted in deep red with gold accents and depicting the Virgin Mary holding Christ. The iconographic style, including the “MP” monogram and halos, reflects traditional Russian religious art, suggesting authentic Russian craftsmanship.",2025-11-30 02:43
/content/drive/MyDrive/Matreskas/Videos/Religious/IMG_4793.MOV,Religious,IMG_4793.MOV,"This is the outer shell of a Matryoshka doll, featuring glossy deep red lacquer with gold-leaf accents and traditional folk motifs—a stylized female figure in vibrant red and teal robes. The Cyrillic “ИК” mark suggests Russian origin, though the modern, glossy finish and bold colors hint at contemporary craftsmanship rather than classic Russian folk style. Authentic Russian? Likely not—more modern or commercial production.",2025-11-30 02:43
/content/drive/MyDrive/Matreskas/Videos/Religious/IMG_4794.MOV,Religious,IMG_4794.MOV,"This is a single, glossy deep red Matryoshka doll, likely the outer shell of a set, featuring a striking gold-leaf accent on its upper curve and faint Cyrillic script near the base. Its smooth, modern finish and minimalist design suggest contemporary craftsmanship, possibly from a non-traditional Russian workshop, rather than classic folk art. Not authentically traditional Russian in style, it leans toward artisanal or commercial modern interpretation.",2025-11-30 02:43
/content/drive/MyDrive/Matreskas/Videos/Religious/IMG_4796.MOV,Religious,IMG_4796.MOV,"This is a single, glossy dark red Matryoshka doll, likely the outer shell of a set, standing on a white pedestal. Its smooth, hand-painted surface features faint Cyrillic script (“Павел”?) and a gold rim at the top, suggesting traditional Russian folk art. While stylistically authentic, the modern, minimalist presentation and slightly generic design hint it may be a contemporary reproduction rather than a classic, handcrafted Russian piece.",2025-11-30 02:43
/content/drive/MyDrive/Matreskas/Videos/Religious/IMG_4797.MOV,Religious,IMG_4797.MOV,"This is a single, glossy Matryoshka doll, likely the outer shell of a set, featuring rich amber-brown glaze with green leaf motifs and subtle gold script. Its smooth, rounded form and stylized decoration suggest a modern or artisanal interpretation, possibly from a non-traditional Russian workshop, rather than a classic Russian folk piece. The doll’s polished finish and minimalist aesthetic deviate from traditional Russian nesting doll craftsmanship, indicating it’s likely a contemporary or regional variation.",2025-11-30 02:43
/content/drive/MyDrive/Matreskas/Videos/Religious/IMG_4798.MOV,Religious,IMG_4798.MOV,"This is a single, small Matryoshka doll, likely the outer shell of a set, featuring a glossy red body with a gold glitter stripe and teal-green accents. The Cyrillic inscription “МУМОН” suggests Russian origin, though the stylized design and modern glitter may indicate a contemporary or non-traditional artisanal piece rather than classic Russian folk craftsmanship.",2025-11-30 02:43
/content/drive/MyDrive/Matreskas/Videos/Religious/IMG_4806.MOV,Religious,IMG_4806.MOV,"This is the outer shell of a religious-themed Matryoshka doll, depicting the Nativity scene with Mary, Joseph, and the infant Jesus in warm, earthy tones. The hand-painted style, gold accents, and traditional iconographic composition suggest authentic Russian craftsmanship, likely from a regional workshop specializing in sacred motifs.",2025-11-30 02:43
/content/drive/MyDrive/Matreskas/Videos/Religious/IMG_4807.MOV,Religious,IMG_4807.MOV,"This is the outer shell of a Russian Matryoshka doll, featuring glossy black lacquer with gold geometric and floral motifs, including a stylized star and dot patterns. Its elegant, minimalist design suggests modern interpretation rather than traditional folk style, yet retains authentic Russian craftsmanship cues. It appears authentic Russian in origin, though the contemporary aesthetic deviates from classic regional schools.",2025-11-30 02:43
/content/drive/MyDrive/Matreskas/Videos/Religious/IMG_4809.MOV,Religious,IMG_4809.MOV,"This is a single, glossy black Matryoshka doll, likely the outer shell of a set, featuring elegant gold polka dots and a swirling amber-brown floral motif on its left side. Its polished finish and traditional decorative style suggest authentic Russian craftsmanship, typical of folk art from the Volga region. The doll’s classic silhouette and hand-painted details confirm its origin as a genuine Russian nesting doll, not a modern imitation.",2025-11-30 02:43
/content/drive/MyDrive/Matreskas/Videos/Religious/IMG_4811.MOV,Religious,IMG_4811.MOV,"This is a single, small Matryoshka doll, likely the outer shell of a set, featuring glossy black and amber-brown enamel with intricate gold filigree patterns and dot accents. Its traditional Russian folk-art style—elegant, symmetrical, and hand-painted—suggests authentic craftsmanship, possibly from the Moscow or St. Petersburg schools. The doll’s refined detailing and color palette evoke classic Russian nesting doll aesthetics, though without visible facial features or interior dolls, its authenticity remains plausible but unverifiable without provenance.",2025-11-30 02:43
/content/drive/MyDrive/Matreskas/Videos/Religious/IMG_4815.MOV,Religious,IMG_4815.MOV,"This is a single, small Matryoshka doll, likely the innermost piece of a set, featuring a hand-painted dove motif in warm amber and black tones against a glossy, lacquered finish. The stylized bird and decorative border suggest traditional Russian folk art, though the smooth, modern finish hints at contemporary production rather than an authentic antique. It appears Russian in style but may not be a genuine vintage piece.",2025-11-30 02:43
/content/drive/MyDrive/Matreskas/Videos/Russian_Authentic/IMG_4787.MOV,Russian_Authentic,IMG_4787.MOV,"This is a single, small Matryoshka doll, likely the outer shell of a set, featuring a glossy black lacquer base with delicate hand-painted pink roses and green leaves. Its refined, minimalist style and smooth finish suggest it may be from a modern or non-traditional Russian workshop rather than a classic folk craft, lacking the rustic charm of authentic Russian nesting dolls. While visually appealing, its polished, almost porcelain-like finish and simplified floral motif deviate from traditional Russian folk art, indicating a contemporary or stylized interpretation rather than a genuine heirloom.",2025-11-30 02:43
/content/drive/MyDrive/Matreskas/Videos/Russian_Authentic/IMG_4789.MOV,Russian_Authentic,IMG_4789.MOV,"This is the outer shell of a traditional Russian Matryoshka doll, painted with a cheerful face, red hair, and floral motifs on a glossy black background. The stylized, expressive eyes and bold colors reflect classic Russian folk art, though the glossy finish and simplified design suggest modern mass production rather than authentic hand-painted craftsmanship.",2025-11-30 02:43
/content/drive/MyDrive/Matreskas/Videos/Russian_Authentic/IMG_4791.MOV,Russian_Authentic,IMG_4791.MOV,"This is the outer shell of a traditional Russian Matryoshka doll, featuring bold floral motifs—red blossoms, golden leaves, and green stems—on a glossy black upper half, transitioning to a vibrant red base. The hand-painted style and classic color palette suggest authentic Russian folk craftsmanship, likely from the Vologda or Khokhloma schools. The doll sits on a modern white turntable, contrasting its vintage artistry with contemporary display.",2025-11-30 02:43
/content/drive/MyDrive/Matreskas/Videos/Russian_Authentic/IMG_5109.MOV,Russian_Authentic,IMG_5109.MOV,"This is the outer shell of a modern, stylized Matryoshka doll, likely from a contemporary artisanal or souvenir line rather than traditional Russian craftsmanship. It features a vibrant, cartoonish design with a smiling face, floral motifs, and a whimsical scene of a girl in a polka-dot dress, painted in bold, glossy colors on a glossy lacquered surface — not typical of classic Russian folk art. The doll rests on a white base with a USB cable, suggesting it’s a decorative LED nightlight, further indicating it’s a novelty item rather than an authentic heirloom.",2025-11-30 02:43
/content/drive/MyDrive/Matreskas/Videos/Russian_Authentic/IMG_5114.MOV,Russian_Authentic,IMG_5114.MOV,"This is the outer shell of a traditional Russian Matryoshka doll, painted in glossy red with stylized floral motifs and green leaves. The doll features a cheerful face with large eyes and rosy lips, typical of folk art from the Volga region. Its bright, hand-painted finish and classic design suggest authentic Russian craftsmanship, though mass-produced versions may vary. The doll appears genuine, not a modern imitation.",2025-11-30 02:43
/content/drive/MyDrive/Matreskas/Videos/Russian_Authentic/IMG_5116.MOV,Russian_Authentic,IMG_5116.MOV,"This is the smallest doll in a set, featuring a vibrant red exterior with green leaf motifs and white decorative swirls, contrasting with its natural wood interior. The minimalist, modern aesthetic and clean finish suggest it’s not traditional Russian craftsmanship but rather a contemporary or stylized interpretation, likely from a non-Russian origin. Authentic Russian Matryoshkas typically have more intricate, folkloric painted details and rustic wood grain visible on the exterior.",2025-11-30 02:43
/content/drive/MyDrive/Matreskas/Videos/Russian_Authentic/IMG_5117.MOV,Russian_Authentic,IMG_5117.MOV,"This is a single, small Matryoshka doll, likely the outermost piece of a set, painted in glossy red with stylized green leaves and white accents. Its face features classic Russian folk art elements—bold black eyes, rosy cheeks, and a yellow headscarf—suggesting authentic Russian craftsmanship. The doll’s vibrant, hand-painted finish and traditional design indicate it’s a genuine Russian nesting doll, not a mass-produced imitation.",2025-11-30 02:43
/content/drive/MyDrive/Matreskas/Videos/Russian_Authentic/IMG_5118.MOV,Russian_Authentic,IMG_5118.MOV,"This is a single, small Matryoshka doll, likely the outermost piece of a set, painted in vibrant red with green leaf motifs and a yellow headscarf. Its stylized, simplified facial features and bold colors suggest a modern or souvenir-style interpretation rather than traditional Russian folk art, making it appear more commercial than authentically regional.",2025-11-30 02:43
/content/drive/MyDrive/Matreskas/Videos/Russian_Authentic/IMG_5120.MOV,Russian_Authentic,IMG_5120.MOV,"This is the smallest doll in a Matryoshka set, painted in vibrant red with stylized green floral motifs and a cheerful, simplified face. Its glossy finish and bold, folk-art style suggest it’s crafted in the traditional Russian manner, likely from a workshop preserving classic motifs. While visually authentic, the uniformity and slight plastic sheen hint at modern mass production rather than hand-painted artisanal work.",2025-11-30 02:43
/content/drive/MyDrive/Matreskas/Videos/Russian_Authentic/IMG_5133.MOV,Russian_Authentic,IMG_5133.MOV,"This is the outer shell of a traditional Russian Matryoshka doll, featuring bold black lacquer with vibrant red strawberries and golden-yellow leaves, accented by green stems. The glossy finish and classic folk-art style suggest authentic Russian craftsmanship, though the red lower half hints at modern or regional variation. It’s likely a single, standalone piece rather than part of a nested set.",2025-11-30 02:43
/content/drive/MyDrive/Matreskas/Videos/Russian_Authentic/IMG_5134.MOV,Russian_Authentic,IMG_5134.MOV,"This is a single, smallest Matryoshka doll, painted with vibrant red strawberries and green leaves against a glossy black background, accented with gold and orange details. Its bold, folk-art style suggests a modern or regional interpretation rather than traditional Russian craftsmanship, likely from a contemporary artisan or souvenir shop. Not authentic Russian in style, but visually striking and well-executed.",2025-11-30 02:43
/content/drive/MyDrive/Matreskas/Videos/Russian_Authentic/IMG_5135.MOV,Russian_Authentic,IMG_5135.MOV,"This is the smallest doll in a Matryoshka set, featuring a glossy black upper body adorned with stylized yellow and green floral motifs against a vibrant red lower half. Its compact, hand-painted form and classic color scheme suggest traditional Russian folk art, though the simplified design hints at a modern or souvenir interpretation rather than a fully authentic, artisanal piece from a regional school.",2025-11-30 02:43
/content/drive/MyDrive/Matreskas/Videos/Russian_Authentic/IMG_5138.MOV,Russian_Authentic,IMG_5138.MOV,"This is the smallest doll in a set, featuring a glossy orange upper half with yellow polka dots and a green lower half, accented by a white collar with black trim. Its stylized, simplified design and bright, bold colors suggest a modern or folk-inspired interpretation rather than traditional Russian Matryoshka craftsmanship. While visually appealing, it lacks the intricate, hand-painted regional motifs typical of authentic Russian nesting dolls, indicating it may be a contemporary or commercial product.",2025-11-30 02:43
/content/drive/MyDrive/Matreskas/Videos/Russian_Authentic/IMG_5152.MOV,Russian_Authentic,IMG_5152.MOV,"This is the outer shell of a traditional Russian Matryoshka doll, featuring a vivid blue upper half with hand-painted pink roses and green leaves, transitioning to a deep black lower half adorned with delicate blue floral motifs. The glossy finish and classic color palette suggest authentic Russian folk craftsmanship, likely from the Volga region, known for its floral designs and bold contrasts. The doll’s sturdy form and detailed brushwork confirm its authenticity as a genuine Russian nesting doll.",2025-11-30 02:43
/content/drive/MyDrive/Matreskas/Videos/Russian_Authentic/IMG_5153.MOV,Russian_Authentic,IMG_5153.MOV,"This is a single, intricately painted Matryoshka doll, likely the outermost shell of a set, featuring a vibrant blue background with a detailed pink rose and green leaves. Its glossy finish and classic floral motif suggest traditional Russian folk art, though the modern white pedestal and minimalist setting hint at contemporary display rather than authentic rustic origin. The craftsmanship is authentic Russian in style, but the presentation feels staged.",2025-11-30 02:43
/content/drive/MyDrive/Matreskas/Videos/Russian_Authentic/IMG_5154.MOV,Russian_Authentic,IMG_5154.MOV,"This is a single, brightly painted Matryoshka doll, likely the outer shell of a set, featuring a cheerful face with rosy cheeks, a blue headscarf, and a floral bouquet. Its vivid colors and stylized, cartoonish design suggest a modern, possibly non-traditional or souvenir-style piece rather than authentic Russian folk art, which typically uses more subdued palettes and intricate, hand-painted motifs.",2025-11-30 02:43
/content/drive/MyDrive/Matreskas/Videos/Russian_Authentic/IMG_5155.MOV,Russian_Authentic,IMG_5155.MOV,"This is a small, likely inner doll from a Matryoshka set, featuring a glossy blue polka-dotted head and a dark, subtly patterned body with hints of orange and white. Its smooth, hand-painted finish and simplified facial features suggest a modern or folk-art interpretation rather than traditional Russian craftsmanship, possibly from a non-Russian origin. Not authentically Russian in style.",2025-11-30 02:43
/content/drive/MyDrive/Matreskas/Videos/Russian_Authentic/IMG_5157.MOV,Russian_Authentic,IMG_5157.MOV,"This is the smallest doll in a Matryoshka set, painted in vibrant cobalt blue with white polka dots and a simple, stylized face featuring dark eyes and a subtle smile. Its minimalist design and clean brushwork suggest a modern or artisanal interpretation rather than traditional Russian folk art, possibly from a contemporary workshop or designer line. Not authentically Russian in style; leans toward stylized, simplified aesthetics over classic folk motifs.",2025-11-30 02:43
/content/drive/MyDrive/Matreskas/Videos/Russian_Authentic/IMG_5158.MOV,Russian_Authentic,IMG_5158.MOV,"This is a single, small Matryoshka doll, likely the outermost or middle piece in a set, featuring a glossy blue upper half with white polka dots and a black lower half, topped with a golden-brown accent. Its minimalist, modern aesthetic and smooth finish suggest contemporary or Western-inspired design rather than traditional Russian folk art, indicating it’s not authentically Russian but possibly a stylized or commercial reinterpretation.",2025-11-30 02:43
/content/drive/MyDrive/Matreskas/Videos/Russian_Authentic/IMG_5159.MOV,Russian_Authentic,IMG_5159.MOV,"This is the smallest doll in a Matryoshka set, featuring a glossy red body with white polka dots and a smooth, rounded form. Its minimalist, modern aesthetic suggests non-traditional craftsmanship—likely not authentic Russian, as it lacks classic folk motifs, hand-painted details, or regional ornamentation typical of genuine Russian nesting dolls. The clean lines and uniform color scheme imply mass-produced or contemporary design rather than traditional folk art.",2025-11-30 02:43
/content/drive/MyDrive/Matreskas/Videos/Russian_Authentic/IMG_5160.MOV,Russian_Authentic,IMG_5160.MOV,"This is a single, stylized Matryoshka doll, likely the outermost shell, standing upright on a white base. It features a glossy red upper half with white polka dots and a deep blue lower half, resembling a capsule—unconventional for traditional Russian nesting dolls. Its modern, minimalist aesthetic suggests contemporary or Western-inspired design, not authentic Russian craftsmanship, which typically includes hand-painted floral motifs and folk patterns.",2025-11-30 02:43
/content/drive/MyDrive/Matreskas/Videos/Russian_Authentic/IMG_5161.MOV,Russian_Authentic,IMG_5161.MOV,"This is a single, small Matryoshka doll, likely the outermost piece of a set, painted with bold red headscarf, blue dress, and whimsical white facial features. Its glossy finish and simplified, cartoonish style suggest modern or souvenir craftsmanship rather than traditional Russian folk art—appearing more commercial than authentic.",2025-11-30 02:43
/content/drive/MyDrive/Matreskas/Videos/Russian_Authentic/IMG_5162.MOV,Russian_Authentic,IMG_5162.MOV,"This is a single, brightly painted Matryoshka doll, likely the outer shell of a set, featuring a glossy red head with floral motifs and a blue body adorned with white polka dots and abstract patterns. Its vivid colors and stylized design suggest a modern, possibly non-traditional Russian interpretation, rather than classic folk craftsmanship, as it lacks the muted earth tones and intricate embroidery typical of authentic Russian nesting dolls.",2025-11-30 02:43
/content/drive/MyDrive/Matreskas/Videos/Russian_Authentic/IMG_5163.MOV,Russian_Authentic,IMG_5163.MOV,"This is the outer shell of a traditional Russian Matryoshka doll, featuring a glossy red upper half adorned with hand-painted pink roses and green leaves, transitioning to a deep blue lower half decorated with white polka dots and a stylized bow. The scalloped base and bold, folk-art style suggest authentic Russian craftsmanship, likely from the Volga region, known for its floral motifs and vibrant color palettes.",2025-11-30 02:43
/content/drive/MyDrive/Matreskas/Videos/Russian_Authentic/IMG_5164.MOV,Russian_Authentic,IMG_5164.MOV,"This is the outer shell of a Matryoshka doll, featuring bold, folk-art style with a red headscarf, floral patterns, and a blue skirt with scalloped hem. Its vivid colors and stylized face suggest a traditional Russian design, though the glossy finish and modern-looking base hint at contemporary production rather than an antique. Authentic Russian craftsmanship is evident in the iconic motifs and proportions, but the presentation suggests a modern, possibly mass-produced piece.",2025-11-30 02:43
/content/drive/MyDrive/Matreskas/Videos/Russian_Authentic/IMG_5188.MOV,Russian_Authentic,IMG_5188.MOV,"This is a single, outer-shell Matryoshka doll, likely from a modern or souvenir production rather than traditional Russian craftsmanship. It features bold, stylized floral motifs—pink roses with green leaves—and a red headscarf against a cream-and-yellow body, with spiral patterns on the base. The simplified, cartoonish facial expression and bright, glossy finish suggest a non-authentic, possibly Eastern European or mass-produced variant, lacking the nuanced folk-art detail of classic Russian nesting dolls.",2025-11-30 02:43
/content/drive/MyDrive/Matreskas/Videos/Russian_Authentic/IMG_5189.MOV,Russian_Authentic,IMG_5189.MOV,"This is a single, brightly painted Matryoshka doll, likely the outermost shell of a set, featuring a glossy red head and a vivid yellow body adorned with stylized black spiral motifs. Its bold, simplified design and smooth finish suggest a modern or folk-art interpretation rather than traditional Russian craftsmanship, lacking the nuanced hand-painted details typical of authentic Russian nesting dolls.",2025-11-30 02:43
/content/drive/MyDrive/Matreskas/Videos/Russian_Authentic/IMG_5190.MOV,Russian_Authentic,IMG_5190.MOV,"This is a single, small Matryoshka doll, likely the outermost shell of a set, featuring bold red headscarf, yellow skirt, and stylized floral motifs on cream skin. Its simplified, expressive face and flat, hand-painted style suggest a folk-art tradition, possibly non-Russian (e.g., Ukrainian or Polish-inspired), lacking the intricate detailing typical of authentic Russian nesting dolls.",2025-11-30 02:43
/content/drive/MyDrive/Matreskas/Videos/Russian_Authentic/IMG_5191.MOV,Russian_Authentic,IMG_5191.MOV,"This is a single, stylized Matryoshka doll, likely the outer shell of a set, featuring a glossy red upper half and a yellow lower half adorned with black spiral motifs. The design suggests a modern or folk-art interpretation rather than traditional Russian craftsmanship, with simplified, almost abstract patterns and a smooth, polished finish that lacks the hand-painted realism typical of authentic Russian nesting dolls. It appears more contemporary or commercial than historically authentic.",2025-11-30 02:43
/content/drive/MyDrive/Matreskas/Videos/Russian_Authentic/IMG_5192.MOV,Russian_Authentic,IMG_5192.MOV,"This is a single, small Matryoshka doll, likely the innermost doll in a set, featuring a glossy red domed head and a yellow cylindrical body with subtle gold swirling patterns. Its minimalist, modern aesthetic and smooth finish suggest contemporary or non-traditional craftsmanship, possibly not authentic Russian folk art, but rather a stylized or mass-produced interpretation. The lack of traditional facial features or ornate detailing further distances it from classic Russian nesting doll styles.",2025-11-30 02:43
/content/drive/MyDrive/Matreskas/Videos/Russian_Authentic/IMG_5207.MOV,Russian_Authentic,IMG_5207.MOV,"This is the outer shell of a traditional Russian Matryoshka doll, painted with bold red roses and green foliage against a black background, transitioning to a green lower half with black polka dots. The glossy finish and classic floral motif suggest authentic Russian folk art, likely from the Volga region, where such vibrant, hand-painted styles are iconic. It appears authentic Russian, not mass-produced or stylized modern imitation.",2025-11-30 02:43
/content/drive/MyDrive/Matreskas/Videos/Russian_Authentic/IMG_5208.MOV,Russian_Authentic,IMG_5208.MOV,"This is the outer shell of a traditional Russian Matryoshka doll, featuring bold floral motifs—red roses and green leaves on a black upper half, transitioning to a green lower half with black polka dots. The glossy finish and classic folk-art style suggest authentic Russian craftsmanship, likely from the Volga region, known for its vibrant, nature-inspired designs.",2025-11-30 02:43
/content/drive/MyDrive/Matreskas/Videos/Russian_Authentic/IMG_5209.MOV,Russian_Authentic,IMG_5209.MOV,"This is a single, hand-painted Matryoshka doll, likely the outer shell of a set, featuring bold floral motifs on a glossy black upper half and a green lower half with dark polka dots. The vibrant, folk-art style with stylized flowers and strong color contrast suggests traditional Russian craftsmanship, though the uniformity and modern finish hint at contemporary production rather than an antique piece. It appears authentic in style but may not be a genuine vintage Russian doll.",2025-11-30 02:43
/content/drive/MyDrive/Matreskas/Videos/Russian_Authentic/IMG_5210.MOV,Russian_Authentic,IMG_5210.MOV,"This is a single, hand-painted Matryoshka doll, likely the outer shell of a set, featuring a glossy black upper half adorned with colorful, abstract polka dots in red, yellow, and green, transitioning to a solid green base with dark spots. The stylized, bold patterns and vibrant palette suggest a modern or folk-inspired Russian design, though the abstract motif deviates from traditional regional motifs. It appears authentic Russian in origin but with contemporary artistic interpretation.",2025-11-30 02:43
/content/drive/MyDrive/Matreskas/Videos/Russian_Authentic/IMG_5211.MOV,Russian_Authentic,IMG_5211.MOV,"This is a single, small Matryoshka doll, likely the innermost piece of a set, featuring a glossy black base with vibrant red-orange floral motifs and green accents, suggesting a folk-art style. Its compact, stylized form and vivid, hand-painted decoration align with traditional Russian nesting doll craftsmanship, though the exact regional school is unclear without provenance. The doll appears authentic Russian in style and execution.",2025-11-30 02:43
/content/drive/MyDrive/Matreskas/Videos/Russian_Authentic/IMG_5306.MOV,Russian_Authentic,IMG_5306.MOV,"This is a single, glossy red Matryoshka doll, likely the outer shell of a set, with a small yellow and green accent near the top. Its smooth, rounded form and bright enamel finish suggest a modern or simplified style, possibly from a non-traditional Russian workshop rather than classic folk craftsmanship. While visually appealing, it lacks the intricate hand-painted details and regional motifs typical of authentic Russian nesting dolls.",2025-11-30 02:43
/content/drive/MyDrive/Matreskas/Videos/Russian_Authentic/IMG_5367.MOV,Russian_Authentic,IMG_5367.MOV,"This is an outer shell Matryoshka doll, likely from a modern or artisanal Russian school, featuring intricate hand-painted floral motifs and delicate gold detailing. Its cream-colored wood, scalloped borders, and scattered turquoise accents suggest a stylized, possibly contemporary interpretation rather than a traditional folk piece. While rooted in Russian iconography, its polished finish and decorative elements hint at a non-traditional, possibly commercial or decorative variant, not a classic authentic folk doll.",2025-11-30 02:43
/content/drive/MyDrive/Matreskas/Videos/Russian_Authentic/IMG_5368.MOV,Russian_Authentic,IMG_5368.MOV,"This is a single, intricately hand-painted Matryoshka doll, likely the outer shell of a set, featuring swirling floral motifs and scalloped borders in earthy browns and golds against a creamy base. Its stylized, folk-art aesthetic—with delicate brushwork and traditional decorative elements—strongly suggests authentic Russian craftsmanship, typical of the classic Vologda or Kholmsk schools.",2025-11-30 02:43
/content/drive/MyDrive/Matreskas/Videos/Russian_Authentic/IMG_5369.MOV,Russian_Authentic,IMG_5369.MOV,"This is a single, ornately decorated Matryoshka doll, likely the outer shell of a set, featuring intricate brown swirling patterns and scattered turquoise enamel dots on a creamy base. Its elegant, stylized floral motifs and delicate embellishments suggest a non-traditional, possibly modern or artisanal interpretation rather than classic Russian folk design — it appears more contemporary or influenced by other regional styles than authentically Russian.",2025-11-30 02:43
/content/drive/MyDrive/Matreskas/Videos/Russian_Authentic/IMG_5371.MOV,Russian_Authentic,IMG_5371.MOV,"This is a single, intricately carved Matryoshka doll, likely the outer shell of a set, featuring delicate brown floral and swirling patterns on a creamy beige base, accented with small turquoise gem-like eyes. Its elegant, stylized face and ornate detailing suggest a modern or artisanal interpretation rather than traditional Russian folk craftsmanship, possibly from a contemporary workshop or designer line. Not authentically Russian in style; leans toward decorative or boutique production.",2025-11-30 02:43
/content/drive/MyDrive/Matreskas/Videos/Russian_Authentic/IMG_5372.MOV,Russian_Authentic,IMG_5372.MOV,"This is a single, small Matryoshka doll, likely the smallest in a set, featuring intricate hand-painted swirling brown patterns and gold accents on a creamy base. Its stylized, slightly asymmetrical form and delicate brushwork suggest a non-traditional, possibly modern or artisanal interpretation, rather than authentic Russian folk craftsmanship. The doll’s minimalist presentation on a white plate emphasizes its artistic detail, hinting at a contemporary or regional variation rather than classic Russian nesting dolls.",2025-11-30 02:43
